<?xml version="1.0" encoding="UTF-8"?>
<cbinstall version="1.0.0" type="plugin" group="user">
	<name>CB JrExpress MyReviews</name>
	<author>Alejandro Schmeichler</author>
	<creationDate>June 2009</creationDate>
	<copyright>Alejandro Schmeichler</copyright>
	<license></license>
	<authorEmail>support@reviewsforjoomla.com</authorEmail>
	<authorUrl>www.reviewsforjoomla.com</authorUrl>
	<version>1.2</version>
	<description>JReviews Express My Reviews</description>
	<files>
		<filename plugin="cb_jrexpress_myreviews">cb_jrexpress_myreviews.php</filename>
		<filename>index.html</filename>
	</files>
	<params>
	</params>
	<tabs>
		<tab name="My Reviews" description="JReviews Express MyReviews" class="cb_jrexpress_myreviews" fields="0" position="cb_tabmain" displaytype="tab">
			<params>
                <param name="slider_width" type="text" default="500" label="Plugin width (px)" description="" />
                <param name="slider_height" type="text" default="250" label="Plugin height (px)" description="" />
                <param name="@spacer" type="spacer" default="" label="" description="" />       
				<param name="access" type="radio" default="0" label="Tab Access" description="">
					<option value="0">Everyone</option>
					<option value="1">Owner</option>
				</param>
				<param name="reviews_order" type="list" default="latest" label="Reviews Ordering" description="">
					<option value="latest">Latest Reviews</option>
					<option value="helpful">Most Helpful</option>
					<option value="random">Random</option>
				</param>
				<param name="extension" type="text" default="" label="Everywhere Extension" description="If you want to limit results to a specific extension, then enter it here (i.e. com_content, com_virtuemart, com_sobi2, etc.)" />						
				<param name="spacer" type="spacer" default="" label="" description="" />		
				<param name="spacer" type="spacer" default="" label="" description="" />
				<param name="ajax_nav" type="radio" default="1" label="Enable Ajax Pagination" description="Allows users to navigate to other pages inside the module without page reloads.">
					<option value="0">No</option>
					<option value="1">Yes</option>
				</param>
				<param name="limit" type="text" default="6" label="Limit results" description="Sets the number of results shown in the module" />
				<param name="columns" type="text" default="2" label="Columns" description="Number of columns or items per row to show." />
				<param name="spacer" type="spacer" default="" label="" description="" />		
				<param name="dir" type="text" default="" label="Directory IDs (com_content)" description="Comma separated list, no spaces." />
				<param name="section" type="text" default="" label="Section IDs (com_content)" description="Comma separated list, no spaces." />
				<param name="category" type="text" default="" label="Category IDs (everywhere)" description="Comma separated list, no spaces." />
				<param name="listing" type="text" default="" label="Listing IDs (everywhere)" description="Comma separated list, no spaces." />
				<param name="spacer" type="spacer" default="" label="" description="" />
				<param name="comments" type="text" default="0" label="Truncate comments" description="Number of characters shown. if zero, then the review comment is hidden." />
				<param name="tn_show" type="radio" default="1" label="Show Thumbnail" description="">
					<option value="0">No</option>
					<option value="1">Yes</option>
				</param>		
				<param name="tn_mode" type="radio" default="crop" label="Thumbnail Type" description="Scale creates thumbnail with specified width and height is scaled proportionately. Crop takes a square from the center of the image and scales to the specified width.">
					<option value="crop">Crop</option>
					<option value="scale">Scale</option>
				</param>		
				<param name="tn_width" type="text" default="45" label="Thumbnail Width (px)" description="Thumbnail width in pixels" />
			</params>
			<fields>
			</fields>
		</tab>
	</tabs>
	<install>
		<queries>
		</queries>
	</install>
	<uninstall>
	</uninstall>
</cbinstall>