<?xml version="1.0" encoding="UTF-8"?>
<sobi2plugin>
	<name>SOBI2 Reviews and Ratings</name>
	<nameId>reviews</nameId>
	<description>Reviews and Ratings Plugin for SOBI2</description>
	<author>SOBI Developer Team</author>
	<authorEmail>sobi@sigsiu.net</authorEmail>
	<authorUrl>www.Sigsiu.NET</authorUrl>
	<creationDate>September 2009</creationDate>
	<copyright>(C) 2006-2009 Sigsiu.NET</copyright>
	<license>http://www.gnu.org/copyleft/gpl.html GNU/GPL</license>
	<version>RC 3.1</version>
	<initFile>reviews_init.php</initFile>
	<id>$Id: reviews.xml 4912 2009-02-27 19:56:40Z Sigrid Suski $</id>
	<files>
		<frontend>
			<file>reviews.class.php</file>
			<file>reviews_init.php</file>
			<file>changelog.txt</file>
			<file>reviews.css</file>
			<file>germani.php</file>
			<file>germanf.php</file>
			<file>german.php</file>
			<file>farsi.php</file>
			<file>english.php</file>
			<file>spanish.php</file>
			<file>italian.php</file>
			<file>french.php</file>
			<file>index.html</file>
			<file folder="images|Star-Rating">00-0-star.png</file>
			<file folder="images|Star-Rating">00-5-star.png</file>
			<file folder="images|Star-Rating">01-0-star.png</file>
			<file folder="images|Star-Rating">01-5-star.png</file>
			<file folder="images|Star-Rating">02-0-star.png</file>
			<file folder="images|Star-Rating">02-5-star.png</file>
			<file folder="images|Star-Rating">03-0-star.png</file>
			<file folder="images|Star-Rating">03-5-star.png</file>
			<file folder="images|Star-Rating">04-0-star.png</file>
			<file folder="images|Star-Rating">04-5-star.png</file>
			<file folder="images|Star-Rating">05-0-star.png</file>
			<file folder="images">progress.gif</file>
		</frontend>
		<backend>
			<file>admin.reviews.class.php</file>
			<file>admin.reviews_init.php</file>
			<file>index.html</file>
		</backend>
	</files>
	<queries>
            <query>
				CREATE TABLE IF NOT EXISTS `#__reviews` (
				  `revid` int(11) NOT NULL auto_increment,
				  `itemid` int(11) default NULL,
				  `title` varchar(200) default NULL,
				  `review` text,
				  `userid` int(11) default NULL,
				  `username` varchar(100) default NULL,
				  `email` varchar(100) default NULL,
				  `showEmail` tinyint(1) default NULL,
				  `ip` varchar(15) default NULL,
				  `added` datetime default NULL,
				  `vote` tinyint(11) default NULL,
				  `published` tinyint(1) default NULL,
				  `updateInfo` tinyint(1) default NULL,
				  PRIMARY KEY  (`revid`)
				)  COMMENT='Reviews and Ratings Data';
			</query>
			<query>INSERT IGNORE INTO `#__sobi2_config` VALUES ('RcountInListing', '1', 'sobi_reviews', NULL);</query>
			<query>INSERT IGNORE INTO `#__sobi2_config` VALUES ('Rordering', 'DESC', 'sobi_reviews', NULL);</query>
			<query>INSERT IGNORE INTO `#__sobi2_config` VALUES ('RshowMails', '1', 'sobi_reviews', NULL);</query>
			<query>INSERT IGNORE INTO `#__sobi2_config` VALUES ('RshowIndVotes', '1', 'sobi_reviews', NULL);</query>
			<query>INSERT IGNORE INTO `#__sobi2_config` VALUES ('RshowUpdatesInfo', '1', 'sobi_reviews', NULL);</query>
			<query>INSERT IGNORE INTO `#__sobi2_config` VALUES ('RformPosition', '1', 'sobi_reviews', NULL);</query>
			<query>INSERT IGNORE INTO `#__sobi2_config` VALUES ('Ranonymous', '0', 'sobi_reviews', NULL);</query>
			<query>INSERT IGNORE INTO `#__sobi2_config` VALUES ('RmultiRev', '1', 'sobi_reviews', NULL);</query>
			<query>INSERT IGNORE INTO `#__sobi2_config` VALUES ('RrevsOn', '1', 'sobi_reviews', NULL);</query>
			<query>INSERT IGNORE INTO `#__sobi2_config` VALUES ('RvotesOn', '1', 'sobi_reviews', NULL);</query>
			<query>INSERT IGNORE INTO `#__sobi2_config` VALUES ('Rautopublish', '1', 'sobi_reviews', NULL);</query>
			<query>INSERT IGNORE INTO `#__sobi2_config` VALUES ('RnotifyAdmin', '0', 'sobi_reviews', NULL);</query>
			<query>INSERT IGNORE INTO `#__sobi2_config` VALUES ('RnotifyEntryAuthor', '0', 'sobi_reviews', NULL);</query>
			<query>INSERT IGNORE INTO `#__sobi2_config` VALUES ('Rlimit', '10', 'sobi_reviews', NULL);</query>
			<query>INSERT IGNORE INTO `#__sobi2_config` VALUES ('RnotifyReviewAuthor', '0', 'sobi_reviews', NULL);</query>
			<query>INSERT IGNORE INTO `#__sobi2_config` VALUES ('RlistingVotesLimit', '5', 'sobi_reviews', NULL);</query>
			<query>INSERT IGNORE INTO `#__sobi2_config` VALUES ('RlistingExcludeCats', '', 'sobi_reviews', NULL);</query>
			<query>INSERT IGNORE INTO `#__sobi2_config` VALUES ('RlistingLimit', '30', 'sobi_reviews', NULL);</query>
			<query>INSERT IGNORE INTO `#__sobi2_config` VALUES ('RshowUsername', '0', 'sobi_reviews', NULL);</query>
			<query>INSERT IGNORE INTO `#__sobi2_config` VALUES ('RinfoText', '<![CDATA[<strong>What to write in a review?</strong><br />Share your thoughts and experiences with this company. But please be polite and solve your problems first by getting in contact with the company.<br /><br />]]>', 'sobi_reviews', NULL);</query>
			<query>INSERT IGNORE INTO `#__sobi2_config` VALUES ('RnotifyReviewAuthorTempl', '<![CDATA[You added a new review for {entry} in {sobi}.\n\nYou can check this review under {auth_url}\n\nTitle: {rev_title}\nReview:\n{rev_text}\n]]>', 'sobi_reviews', NULL);</query>
			<query>INSERT IGNORE INTO `#__sobi2_config` VALUES ('RnotifyEntryAuthorTempl', '<![CDATA[A new review for your entry {entry} in {sobi} has been added.\n\nYou can check this review under {auth_url}\n\nTitle: {rev_title}\nReview:\n{rev_text}\n]]>', 'sobi_reviews', NULL);</query>
			<query>INSERT IGNORE INTO `#__sobi2_config` VALUES ('RnotifyAdminTempl', '<![CDATA[A new review for {entry} has been added.\n\nYou can check this review under {admin_url}\n\nTitle: {rev_title}\nReview:\n{rev_text}\n]]>', 'sobi_reviews', NULL);</query>
			<query>INSERT IGNORE INTO `#__sobi2_config` VALUES ('RnotifyReviewAuthorSubj', '<![CDATA[Thank you for your review for {entry}]]>', 'sobi_reviews', NULL);</query>
			<query>INSERT IGNORE INTO `#__sobi2_config` VALUES ('RnotifyEntryAuthorSubj', '<![CDATA[New Review - {entry}]]>', 'sobi_reviews', NULL);</query>
			<query>INSERT IGNORE INTO `#__sobi2_config` VALUES ('RnotifyAdminSubj', '<![CDATA[New Review - {entry}]]>', 'sobi_reviews', NULL);</query>
			<query>INSERT IGNORE INTO `#__sobi2_config` VALUES ('RdateFormat', 'F j, Y', 'sobi_reviews', NULL);</query>
	</queries>
</sobi2plugin>